id,run_type,exe_time,err
20848375,aot,31938105.488721803,gas-used mismatch for 0xfcf2c30c3861e75c200befa1d2439f34799c4976aa7673a647784385f0628e25: expected 589549 found 119784
20848140,aot,41235107.55,
20848703,aot,33949682.93076923,gas-used mismatch for 0x8b0a3e72df6319a31b2d5f1a0436ec9e0f6f255d1332afe565905905b6bb95bc: expected 332123 found 95868
20848113,aot,53312777.43209877,gas-used mismatch for 0x99636764e4f6589b83cd5a0bfa524e7d359da7096fcc459477c5dcdbe642603a: expected 368490 found 221279
20849194,aot,44730747.37894737,
20848468,aot,33113650.623188406,gas-used mismatch for 0x2228bda40cf0af328811a3e9b031592f7dd1ac307feb4dc06fcf767d411e0656: expected 548628 found 372833
20848116,aot,57942422.42666667,gas-used mismatch for 0xb3c94ff5d8b7fc24d5e1f54aa683cfd1b07a4e57cb5eda4bb6ca5d235f5c2593: expected 390401 found 95880
20850437,aot,42422096.945454545,gas-used mismatch for 0xdc8075a04e36079c6c95a1eed04f55305353de53d1a5f5d927fe8b7935f0e767: expected 1223150 found 1315578
20849453,aot,56277204.73972603,gas-used mismatch for 0xd011c556e326b03aa0ea88117cb8d97f2d8316e07366f37ef583f8b5f9d190a6: expected 277745 found 153935
20848095,aot,39437938.89256199,gas-used mismatch for 0x9844bbb0bf8fc953b858004ca12a92c2ec8ca73774c8fbad8d339114c68f3fdf: expected 1126875 found 207965
20853250,aot,29782418.721518986,
20851000,aot,32600984.475524474,gas-used mismatch for 0xe63223e5815e5421b37fd93fb711054df9842970345a2f008316b84828e65880: expected 277721 found 153911
20849500,aot,38356847.544,gas-used mismatch for 0x614d1815d6ae6195df12dbad634264b427dc65fbaa6f46a6293971aac686f588: expected 193477 found 81798
20850625,aot,36710441.75,
20848843,aot,46418248.44,
20849218,aot,47120099.12244898,
20849406,aot,52369578.75268817,gas-used mismatch for 0x21abbe2c90884241fe32ed64e3b2071fca3e3fd1e1cc7c0bca0ca71a8aa78fcc: expected 385194 found 95880
20849312,aot,32055504.65359477,gas-used mismatch for 0x7f8b1a944407eabb917dc4e5fda3a980734625855d4f592441956f6b6165845f: expected 277745 found 153935
20849171,aot,35997239.80152672,
20850250,aot,55662839.84337349,gas-used mismatch for 0xcb68e890d73fbe24a8876c208df49e24b6d12269265e269907d7a346edc599e5: expected 379669 found 95868
20848093,aot,44558177.73584906,
20848104,aot,53846660.847058825,
20848984,aot,35123123.666666664,
20852500,aot,32259772.275641024,gas-used mismatch for 0xcd94aa3e5a6bc9927384dc4ed2c208b2de1003f5629fc240949ce1401e09b2c1: expected 277745 found 153935
20849265,aot,49012345.63,gas-used mismatch for 0x514ca14a6f30ca7dff09100d5e748a53efd0a39e5d88446291dfd0f5d19ab843: expected 860779 found 951673
20848656,aot,34976573.60283688,
20848937,aot,43375037.14655172,gas-used mismatch for 0x897e6b2c93131e96cba5dcdaa47ae9a18e315a465700fea2731d19f09e83f4d6: expected 277745 found 153935
20849031,aot,14483275.785915492,
20848866,aot,41233331.301724136,
20848098,aot,36475880.94736842,
20848069,aot,43196188.407079645,
20848890,aot,45526996.39047619,
20849429,aot,52581652.64516129,
20848023,aot,48281467.4,
20848081,aot,37468100.69503546,gas-used mismatch for 0x03572d926df3ea21a8587aba6cde157bde0b22d07e65cb90f746ef55c9af7b34: expected 365779 found 306110
20848913,aot,43310846.77586207,gas-used mismatch for 0xffa32512c8537910dbcbe82c33cdca4388a04392117cbe27a326b878eb76b76f: expected 533589 found 280493
20848000,aot,31279957.20245399,
20849125,aot,30850164.19879518,
20848187,aot,41560313.22314049,gas-used mismatch for 0xdc34fc5ce32322dc8691b11673b80fa3e0b0012287de24a76b9578984ab89649: expected 608374 found 346236
20848750,aot,45117109.80909091,
20849875,aot,24420513.657407407,
20848515,aot,37812119.437037036,
20849359,aot,34068752.74509804,
20848114,aot,48963455.38679245,gas-used mismatch for 0x2c040ede0fd463a3208e49c3846a2de12ae6a2d0e232cff18be400bf207ec8cc: expected 319838 found 254508
20848110,aot,46397550.28318584,
20848046,aot,37530231.08391608,
20848562,aot,55811246.913978495,gas-used mismatch for 0x951731ede829fc0dbb5166d078daafd8c2e22ead03f181af232e0886fc92ff09: expected 277745 found 153935
20848034,aot,52342862.782178216,
20853251,aot,39605092.88888889,
20849172,aot,61516044.02941176,
20848376,aot,58971711.71764706,gas-used mismatch for 0x58b78a3d18a3a154d755ab03f6d1df6c8af7adddfb54ba71de151d4a618564a2: expected 875306 found 944813
20850626,aot,51213766.07954545,
20850251,aot,41188207.876106195,gas-used mismatch for 0xc59a5339f0799fd320a9706a5b0f6d23a8e10b96c64d7f42b9e1d73c6b704631: expected 282545 found 153935
20849501,aot,16648205.161512027,
20849182,aot,15220328.507331379,
20848094,aot,32557986.424657535,
20848141,aot,44842179.61016949,
20849032,aot,57570761.44444445,gas-used mismatch for 0x2b749f750a1a24d6ca90a1581d3031923bad9f8454c2d8a430a3cf94d899e263: expected 378395 found 281468
20849195,aot,57641217.92222222,gas-used mismatch for 0x2ad2f789244d67b53853ae8af428f83825727048d8c5087a5ecf43894223d385: expected 277745 found 153935
20852501,aot,53629601.61111111,gas-used mismatch for 0xc44b3f52a53c3a82ad589dd18c05748a9f3b190486171b8fb6cdace77e4aba5c: expected 277745 found 153935
20849219,aot,44264733.35454545,gas-used mismatch for 0x6e4313685087bddc416755c23c0383610ef06ac2de91e6bdaa54948a4970fff1: expected 277745 found 153935
20848117,aot,38972179.169117644,
20848704,aot,25278838.16289593,
20848751,aot,17532329.25092251,
20849313,aot,52135835.0,
20848985,aot,63137651.44871795,gas-used mismatch for 0xef4bda8b1ed8005d45b97e376244ec8c29000500cb97d6c352d551f0e9017570: expected 820961 found 365106
20848891,aot,34217615.21232877,gas-used mismatch for 0x63cdfcd996508e3c4a28188015a0a8d3c74cae13454c0a4cfc6dc082925e3a13: expected 1080924 found 638247
20848914,aot,41280179.734513275,gas-used mismatch for 0xb68d7f09df4bbce0195b72d83b8b63af6352afe4b3067c2620306778d186da2c: expected 695169 found 279716
20849266,aot,22367672.32173913,
20849430,aot,40133531.60330579,
20848096,aot,43887227.358333334,
20848867,aot,40436135.04,
20848070,aot,37086373.72857143,gas-used mismatch for 0xfee1777b1f1763488965adff9d2d7cdde57affa850f59aad71e8549ff2d7f8e6: expected 341131 found 95868
20850438,aot,52655987.81,gas-used mismatch for 0x25bca44623d629b61f73af49e33f399f422ee884640b44a4e024e4b5e8607faa: expected 168022 found 98232
20848115,aot,39838473.59166667,
20848111,aot,33604294.50735294,
20848844,aot,34812643.09150327,
20848469,aot,64118195.75294118,
20849360,aot,69536304.66153847,
20848082,aot,36473689.35460993,
20848001,aot,47117599.556603774,gas-used mismatch for 0xd38b3f49beb0175102a9fcb7b9653c5452dde320ddc339154392bce5cac81fd5: expected 277745 found 153935
20848938,aot,37456502.951724134,gas-used mismatch for 0x338ef97434eedef9eff682fe040ea22753d51d04e33f2f884836b39027bdd8ea: expected 1777208 found 872570
20849126,aot,46160038.95454545,gas-used mismatch for 0x489d6babf6f25a9d8faea317d071d3b5a5b4b2820ffd7e86b17aed8d0da59a81: expected 277745 found 153935
20849454,aot,47773905.28448276,
20848105,aot,39988911.05,gas-used mismatch for 0xfe847f8edebd8d1a1fa7d96d2d6165073e648739e7aaa23fed7b0d9d19cedc5f: expected 277745 found 153935
20849407,aot,44160688.232,
20848024,aot,50594231.17142857,gas-used mismatch for 0xaada44b92e8f42a049512bf6107480339b0a4ffee8d2ff551ee066e58a63de00: expected 287333 found 153923
20848047,aot,57600264.61176471,gas-used mismatch for 0x34d32f538d95b11ad40e690ed66d8e0eb494d0d9b098b20b3595dc8b267c7579: expected 277917 found 238301
20848563,aot,38701498.392,gas-used mismatch for 0x1c058d40c28b035e24a8a4c77bcedbaa48460e4972f5520418481629fdc155bb: expected 323398 found 104237
20848035,aot,36328585.198529415,
20848657,aot,71242555.32,gas-used mismatch for 0x3fca9c738329f8aa914b31affd0385f3f3562b8f893a9e21c5184c8fb290d2f0: expected 277721 found 153911
20848188,aot,39259051.924812034,
20848516,aot,20584926.284615386,gas-used mismatch for 0x4d5528b52e442f673bfc2b90c3a6f03d8ba251e2dc04045a19282b351521a961: expected 277721 found 153911
20848099,aot,76531698.47887324,gas-used mismatch for 0xb347dfdb769af954ad948de37d5eb2673f107c88702a890c98391e38a4ee2581: expected 277745 found 153935
20851001,aot,53537969.666666664,
20849876,aot,77049854.44444445,
20852502,aot,27995142.7721519,
20850252,aot,34311150.71428572,
20848986,aot,47053667.3,
20849196,aot,35637090.03759398,gas-used mismatch for 0xfe9f9f306139cec0e39c9552ffeb89e5b2348b9dd6846fde77035449dba2c4d7: expected 588749 found 87246
20849173,aot,60518592.093023255,gas-used mismatch for 0x71921c77ee681ecd2fed2028086e0ef46d457f7799aa925a4dff4bedc9c9993c: expected 277745 found 153935
20853252,aot,58714375.68181818,
20849033,aot,34373944.43571428,gas-used mismatch for 0x5377d8afd9ac229de28e9fdeb03fc16ce56787e0ef24dbf06945daa3b09cdb88: expected 407914 found 96914
20848377,aot,56627543.155555554,gas-used mismatch for 0xea047020580220390c1821a192503d38664b75b9bd7a44d97c14320eba54f681: expected 430902 found 96902
20849183,aot,67440277.55128205,gas-used mismatch for 0x381bace6d947b6b894ecd04598221f5d53c8c06a4b99101ac4bc64f481154aff: expected 282545 found 153935
20849220,aot,55824796.21590909,gas-used mismatch for 0xc4edbe4de353450059ce150871f425e5c34dd5d5a702a4418e55a87dcc89b731: expected 257629 found 238211
20849408,aot,36314525.747826084,
20848142,aot,35618876.62758621,
20848075,aot,35566926.00675676,
20848118,aot,36283590.52941176,
20850627,aot,50922684.4,gas-used mismatch for 0xd148c89daa040443c5d36d88984657744b6c7915b8377f9887d49e65196b9fdc: expected 277745 found 153935
20848071,aot,56377541.430232555,gas-used mismatch for 0xee99719bc1aea22c4afba4df8705ce06a68d89a2be9ee7f5a447aad0b4363e8c: expected 947880 found 553327
20849267,aot,46556771.97169811,gas-used mismatch for 0x1a63072e36cf5f08229282cb2617f1fae95d8bfc7d4aa90b43a6e8ed58897049: expected 1042209 found 915423
20848106,aot,48618368.42045455,
20848564,aot,38516890.50442478,gas-used mismatch for 0xdad1ae22b41971753f548497eecffd4b602df1eeccf70c876298f8e8db3cd778: expected 277745 found 153935
20848189,aot,36512067.0,
20848470,aot,39205746.752,
20848036,aot,58569800.955882356,
20848658,aot,15611306.93137255,
20849314,aot,12932305.516746411,
20848083,aot,30142085.721212123,
20848915,aot,39569840.36090226,gas-used mismatch for 0xc8cd1999a48e52d14398c36d5068d7426ccec4e7336d68ead60efde62f640082: expected 439123 found 378698
20848705,aot,75867638.26470588,gas-used mismatch for 0x4b86caabb3ee23ebbe7e5ce529a86c6baaea267908b5adcc8213f4fd3a80be22: expected 282545 found 153935
20848517,aot,62508268.48571429,gas-used mismatch for 0x5facf5670348560a40e00f831260a4bb842d0281a0a69b5733976a59af1bdf08: expected 277745 found 153935
20849502,aot,88223309.45,gas-used mismatch for 0x5520a52177ee37b516884e25ea76979fa583417ec5896ff28f6a49241e078908: expected 277745 found 153935
20848048,aot,55889449.38372093,
20848868,aot,52034202.87128713,gas-used mismatch for 0x15e068ba02ac854973dbc2310ddf4520f59f0388b3b7d443a428e0ead1008e5b: expected 521816 found 104829
20849455,aot,49763597.04081633,gas-used mismatch for 0x9e60ee0319dcd9510aff0cc81dfacafcbae2c069c9eac411ac610a1e91c5a4cd: expected 279916 found 245525
20848097,aot,33882748.89240506,
20849361,aot,37325796.217391305,
20848892,aot,37110639.397351,gas-used mismatch for 0x61a2a2c4c87a98a0f3149d8c27f0abeccea2edadf76977853f3c5e2143b9018d: expected 466148 found 291998
20848002,aot,45236489.30630631,
20849431,aot,37139038.44594595,
20848752,aot,52067076.29090909,gas-used mismatch for 0x2230543b1310512292654dd355caa270373a5aa01dc0f1474e8e9a75d170cca5: expected 248244 found 53175
20848112,aot,36564425.70344827,
20848939,aot,34543884.93918919,gas-used mismatch for 0x581dcd067655ca7a789ad01d80d9b85ef905f8cceae156ffbdf6211d8ee16941: expected 277745 found 153935
20849877,aot,6395680.296774194,
20848845,aot,63131622.67469879,gas-used mismatch for 0x38dfe29040e05712c2df277d7314f7c3b1d36e278d1dfaba070e8b77a115f310: expected 277745 found 153935
20849441,aot,49532582.99056604,
20851002,aot,29904233.75151515,
20848100,aot,35983982.27272727,gas-used mismatch for 0xe36856c7794d034e607e4d069823d5ea12b2c00105e184cad07083a1bdeda2e4: expected 464105 found 276900
20850439,aot,55748887.14736842,
20849127,aot,48443368.67619047,
20848025,aot,38401740.50735294,
20850253,aot,33023230.125874124,
20848072,aot,24557249.542105265,
20849034,aot,29958080.9,
20849197,aot,62805172.8625,gas-used mismatch for 0x5545ec6df67b8c3826a51e2952a4b13110979cfe58bff2bf576e4b8b95ef3373: expected 385672 found 96708
20853253,aot,45380510.072072074,
20850628,aot,55934154.27906977,gas-used mismatch for 0x4aac53274110b6ed93312a1829ce54f356c8549cee3b23b86942165dc372284f: expected 277745 found 153935
20848084,aot,32055572.216783218,
20849221,aot,37272831.526315786,gas-used mismatch for 0xe4a2d7cb1278110ecc321d80d6d76b838562b77a952915220539b91accc78d9a: expected 339207 found 355116
20848378,aot,29726860.354285713,
20852503,aot,46898685.59166667,gas-used mismatch for 0xb027e10ed82464def423d29d01305b6eb6690ca4b23a2cae7e6e9298090f66f2: expected 277745 found 153935
20849174,aot,31829790.43452381,
20848518,aot,45089524.030612245,gas-used mismatch for 0x6e819ae1a164eeabc3912df321d0d625d8b097bdeb9438bf96dc8cb53660e93d: expected 277733 found 153923
20848987,aot,30870729.61797753,
20848076,aot,26870825.356382977,
20849268,aot,72129782.44615385,gas-used mismatch for 0x3f613bf2694c3c58ecd335d09d6a899d98d2686df78803c7f873dd50a3049808: expected 277745 found 153935
20850440,aot,22990645.727272727,
20849409,aot,38564719.78985507,
20849184,aot,47672889.69369369,gas-used mismatch for 0x946fa1dbf57eb1eb452700b7aa65aa3b8c4ee7097bf6faa215bd413cd92af76a: expected 378744 found 95868
20848565,aot,56898184.54651163,
20848101,aot,38622739.25,
20848471,aot,33192140.651612904,
20848143,aot,37549305.858156025,
20848078,aot,30729903.0,gas-used mismatch for 0x7b612406156aba23f31f67c4a7f976ecbee4f0f809d4f79cee466151e3c128d7: expected 439156 found 378731
20848190,aot,33485985.825,gas-used mismatch for 0xb0ddd419fd6f1e811f9307c8433286a25d3d61fe13203dce75bd501acc972ada: expected 354504 found 278090
20848659,aot,55618581.97727273,
20848037,aot,53704677.258064516,
20848916,aot,45893950.0,gas-used mismatch for 0x6b5d054a8f08120f669ab73d593be0f028783f6222c151e895a169829c03aa38: expected 277745 found 153935
20849315,aot,69174685.35294117,gas-used mismatch for 0x5a05cfbc45c49cbd6e6eb3a94b31840c561313c4ee983f31896bec31d45fec06: expected 277745 found 153935
20848893,aot,36281147.80451128,
20849362,aot,46580479.1509434,
20848049,aot,47238379.9245283,
20848107,aot,44523991.528,
20849878,aot,64545523.82666667,gas-used mismatch for 0xbff76d4fb39ba10caf046bba1a868dc2ced07d3a3ad47a8dfb1da8736a29b480: expected 485157 found 343754
20851003,aot,42354151.26126126,
20848706,aot,36558684.52413793,gas-used mismatch for 0x5eeb9f0db5eca7504089feecab30123a7f34027fc6ef7ae9db660c5170ebe639: expected 411097 found 96021
20849432,aot,32636969.961290322,
20849456,aot,46050006.222222224,
20848026,aot,49896261.29545455,
20849128,aot,42827127.117117114,
20848753,aot,40801946.504,gas-used mismatch for 0xa0b2b9e508a2ccbdf6407f6694a005b642e003429e4f367768925d7f3a871e47: expected 277745 found 153935
20848119,aot,41609057.42962963,
20848003,aot,38868597.015384614,
20849503,aot,46888238.8362069,gas-used mismatch for 0x6b5438f56d2ae97f7acce872047bc17c394be52f7db86e15c7209a4e6da11402: expected 322791 found 95868
20848869,aot,48402254.41904762,
20848846,aot,50558651.524271846,gas-used mismatch for 0x7ac9bbc7f715e63a72a72d146a6c1d981c7e9d313e7948addcdc3932f5f0ccca: expected 956355 found 515823
20848281,aot,38683579.15037594,
20848940,aot,44030571.279661015,
20849442,aot,38174737.557971016,gas-used mismatch for 0xce89ff9dcbd816c54a5ca37ded13f93165e42b848ca966bc0d98bb6593211ba1: expected 657933 found 319903
20850254,aot,37610413.65734266,gas-used mismatch for 0x507f3730b66ebb94df85a10078d4399f9fea536d70b6ee58d87cc580137c0c11: expected 385194 found 95880
20849222,aot,55148035.89772727,gas-used mismatch for 0x0a18a8e7f95f931ffa4ccd0426025cd64b49eb5c5660ff811699fa9f67578b9a: expected 291878 found 260147
20848073,aot,37118318.867132865,
20848519,aot,29416820.26993865,
20849198,aot,43310691.52892562,gas-used mismatch for 0x358b0d158180fc764b77c2cc990d31a2f995ba90538b9a2731921a287cb3c8ce: expected 355600 found 229203
20852504,aot,34721027.04794521,gas-used mismatch for 0x87b3d669a7743c326e71cc203868337edeea1ee0d01073754e69cb22a38725ff: expected 277745 found 153935
20850629,aot,13166146.75245098,gas-used mismatch for 0x14c1b418b4214ebdf01515d2467db8f99770e0ab13859fc95a257584faf983f0: expected 374446 found 231587
20848144,aot,37956306.21138211,
20853254,aot,34783081.04516129,
20849035,aot,75495059.43661971,gas-used mismatch for 0x08b77a2379ce7e8c9bdd0cf17e6ffed7f0545fb4fb27f35018c5acb79ea56f05: expected 909371 found 539101
20848988,aot,39898527.5703125,gas-used mismatch for 0xcde0585bb06d06ac9b7b28761037e36d82430ef6bd3492a5e700b43865117669: expected 282545 found 153935
20848038,aot,36785041.78461538,gas-used mismatch for 0x8cacf6968c560d23342d57a98beec1d4770e8d40a00d6e37bf39917b0f3076cb: expected 588671 found 119772
20848085,aot,38714835.927536234,
20849185,aot,46540735.1509434,
20848379,aot,44893135.733333334,
20849269,aot,51675035.06930693,gas-used mismatch for 0x56d31d79d94a07c494c9dc0543c7ff9b345dd9b6b81ba5b58ca5e44c37e7427e: expected 277745 found 153935
20849443,aot,39968163.35454545,gas-used mismatch for 0x9f1aba3a5e64361efde685af4811b0a88fb66dad4a56a1791c0660148db425f3: expected 642900 found 117667
20849504,aot,45668856.43877551,gas-used mismatch for 0x913abbb28fc74ca487203b50d32c9dc5d59d1f766f798245f0950d89e9d54bdc: expected 277721 found 153911
20848941,aot,42548280.63888889,gas-used mismatch for 0xc1bcce42aa86e90a8618e2df39db579279a7029d64861b98b1103d86b4113143: expected 1574620 found 1213883
20848120,aot,61760921.90789474,
20848004,aot,49699413.333333336,
20850441,aot,74246167.55714285,gas-used mismatch for 0x72e5ceffba78dd6bf503ae6a6391d774403e9fe8be1cbb3fdf2e7c03022d2108: expected 353750 found 392315
20851004,aot,61370871.679487176,gas-used mismatch for 0xdb7eedfcc5e8a66954da250acc78f9c1ddfcd1d5388a557fefbb025ff36b9baa: expected 277721 found 153911
20849363,aot,40711308.14285714,gas-used mismatch for 0xc1989a2846db60b73b5950675b8bc9cbf3a35359753bb0ad46248a5e4aa401e2: expected 292798 found 153935
20848660,aot,39003681.566176474,gas-used mismatch for 0x2da3c9036d2460857a0e70379be606bf3bb668237ff6fb821ec5ba7583f47d83: expected 329782 found 289721
20849175,aot,53918613.09,
20848707,aot,36773310.2,gas-used mismatch for 0xe252039d294dbfd18aa8236ad3e9d221e2976f4d5ed7b71fc1b54d9b555f2ebd: expected 277733 found 153923
20848079,aot,24651205.935779817,
20849879,aot,4959149.911404336,
20848108,aot,35482271.220689654,
20848102,aot,54796966.604166664,
20849410,aot,41686098.60769231,
20848917,aot,71944930.05882353,gas-used mismatch for 0xb8ca6d43a528c3a2664a3c27d0aa19822c9d205f1be89dfbd7a82de9135cc0d2: expected 539024 found 284739
20848077,aot,50202837.75652174,
20849316,aot,42031160.2734375,gas-used mismatch for 0x7682f447dd8b93d243c3e216157de7d23eb54f467ba71322149850297d921ec4: expected 501733 found 459229
20848191,aot,52305739.89,
20848870,aot,34435841.20547945,
20848282,aot,39977529.833333336,
20848472,aot,55376829.408163264,gas-used mismatch for 0xbaa78a119d7300b77a9f855d39a01377a5140e9dd5be1502d2a73ff064239bcc: expected 916906 found 298692
20848566,aot,31324232.215469614,gas-used mismatch for 0x802d2bf84b90c08a9e854815a7a56842716675516e44528dd93641d81fbd02c6: expected 407902 found 96902
20849129,aot,59339453.75294118,gas-used mismatch for 0x05ea5fd96281af502ae410a3a1db4a5e6d1a7c810d0b994ec568994e34c0ad51: expected 282545 found 153935
20848754,aot,35829906.5,
20848050,aot,40374546.42222222,
20849457,aot,39025839.90909091,gas-used mismatch for 0x85a4182123aeeaf833a61c779bc770463187c7ea4039f686d1320cfd4b72afc0: expected 755251 found 423951
20848847,aot,36584277.11643836,
20848027,aot,50862819.34234234,
20849433,aot,88105099.46666667,
20848894,aot,8357323.630810093,
20848145,aot,27951087.67721519,gas-used mismatch for 0x1e111453821111958dda672a100dbe26c242782463a26ca1fdbbc4513a31b914: expected 252048 found 206938
20848520,aot,36742708.71900827,
20849223,aot,30659188.77108434,
20848708,aot,15825801.472324723,
20850255,aot,35990476.0890411,
20848074,aot,34374574.85333333,
20853255,aot,25924966.10769231,
20849036,aot,42119309.6,gas-used mismatch for 0xb94c1bf9b56ed2fe4bf48a47f90bbe6739dece75a28fe5f190d291f8f06f78e9: expected 205746 found 81738
20851005,aot,37219331.27272727,gas-used mismatch for 0x22c56cc806bb94f3ac6e7ae492136ce601c1048c99bf758ec60985d037add024: expected 168022 found 98232
20850630,aot,43976430.31355932,
20849186,aot,27172029.936170213,gas-used mismatch for 0x375d01f12cd9fd36ee517027317098028e054d7ce6d7d7026ba43f85b92f1924: expected 282545 found 153935
20849411,aot,40621774.00900901,
20848028,aot,31338181.07936508,
20852505,aot,21048450.984962407,
20849176,aot,41622796.95652174,
20849444,aot,39297844.1953125,
20848086,aot,41666972.936,
20848039,aot,47242951.46363636,gas-used mismatch for 0x631eed5652071d12a6785c0d886e6665c1c5573f2dcb8c2bc09f13e47f3d2e2e: expected 700550 found 537813
20848942,aot,32768899.7483871,gas-used mismatch for 0xfd493bd982f5131d463d190e198e6fc9a781d8d7ec5acfe9e9a3ee6c54997045: expected 277745 found 153935
20849199,aot,40182393.05,
20849270,aot,42429127.8699187,gas-used mismatch for 0xee1f3d00684f577efddabbe33198aa4fc0b353d8e16b500428256c20af7f8a10: expected 282545 found 153935
20848918,aot,28893675.645714287,gas-used mismatch for 0x32449b8a31455c5b32f3b03556aa3c8899096c21b50cc5a447608be8f6d67ade: expected 532339 found 279704
20848661,aot,39769919.099236645,gas-used mismatch for 0x1dfbec8608a546925732a361bbb8e24d4993165c4c8e50ef303bd9dd13e5ea4e: expected 248244 found 53175
20848989,aot,40878275.97692308,
20848103,aot,40819961.16528925,
20848380,aot,24112525.00869565,
20848087,aot,52560537.083333336,
20849505,aot,31880803.75301205,
20849364,aot,48354838.20754717,
20848192,aot,37009223.533834584,
20848755,aot,46905214.916666664,gas-used mismatch for 0x1c7993de9647f28bd3c66914afe2864c72ec679aeacc72184b0befbfc5b88c15: expected 390871 found 249673
20848005,aot,37258579.64189189,
20848567,aot,57190035.24705882,
20849130,aot,32970557.670886077,
20848473,aot,17632832.019607842,gas-used mismatch for 0x711d0f90d52b9bcf6492210e802e1c4bad7350e1fecec5c5b8004e0e1e2e596c: expected 263088 found 69971
20848121,aot,47144775.02586207,
20850442,aot,4641481.719551282,
20848283,aot,27776376.28717949,
20849317,aot,49261015.92380952,
20848051,aot,55532411.10989011,
20849458,aot,34967767.15172414,
20849434,aot,31998632.08,gas-used mismatch for 0x295303f1fe785f1cc24354e699288126e84b94855c72aa8d30ff42d3d572e111: expected 1287877 found 1187080
20848109,aot,46586819.21487603,gas-used mismatch for 0xaf2028b925b9a6829ebfc09e45ca9999a9d7ee853660a43a0443e64f76adb255: expected 802084 found 606208
20848871,aot,43336667.3984375,
20849880,aot,52333138.85436893,
20848080,aot,38228715.81987578,gas-used mismatch for 0x306aec8238bd5460471edc7926998f3e91ebff941aa2d6ee82bbba2fec46276f: expected 588749 found 87246
20848895,aot,117687616.82926829,gas-used mismatch for 0xaf9080ba71abc9c88a422c84cb35ef8a22e9aec0c5fa633f756a91ebf594babf: expected 318138 found 87967
20848848,aot,45363127.416,gas-used mismatch for 0x7dec274c63f4405b4abf14f2550b38b2db5d75206f23da4293f6b5d355e24972: expected 269911 found 238158
20848521,aot,72253742.24285714,gas-used mismatch for 0x9ba99c5d50ac6bc8fc3d7e3275b8b5e3fbdc8bdca2ff763d6b0e4131197831d0: expected 277745 found 153935
20848146,aot,42871266.398373984,
20851006,aot,48327895.79,gas-used mismatch for 0xba04712602a4ff094779e4f622b6a9c08342bd211776146098cd0bc034a9438b: expected 403498 found 153000
20850256,aot,63767539.21794872,gas-used mismatch for 0xac4d9eea2f0b82791397cc6abfeb5bda86e4eaea2b48305a02909763a4decc97: expected 191472 found 81738
20848057,aot,40780978.2109375,
20848193,aot,40410606.276190475,
20848029,aot,40166697.219512194,
20849224,aot,55862506.614583336,
20849177,aot,29679117.976608187,
20849271,aot,34125316.27142857,
20853256,aot,48376008.73873874,
20852506,aot,31972884.80981595,gas-used mismatch for 0xf489e468d6b548b53429e468da0355761d4d37d20a7592d114125a6e3462b1df: expected 277733 found 153923
20849037,aot,33834760.745341614,
20848088,aot,38031207.32824428,
20849200,aot,51247587.49,
20848662,aot,31681639.903846152,
20848040,aot,48106916.42727273,gas-used mismatch for 0xe2fcd9808e7472f4ea2bcb78a96dd29301751abc5aa2ff30da04cb6d56ccd2a3: expected 208357 found 53782
20848709,aot,70322847.85897435,gas-used mismatch for 0x13dfaa2e2a98bafe206fcf08211e5378ba5b8212dea04b42f09ef7deac16ee90: expected 282545 found 153935
20849187,aot,72561865.84,gas-used mismatch for 0x9f3c292b0c2c816f5283d18201477ab97c8559988508a0d3f4cb85af391f3bc3: expected 483938 found 398672
20848901,aot,35551111.574324325,
20849506,aot,48040696.62264151,
20849445,aot,35875666.56,
20848943,aot,63227741.4,gas-used mismatch for 0xd873478d532729c8b338304ac0fd167e7b94d9d810ad4b95ecbd2d654f8b9424: expected 587395 found 346212
20849412,aot,21733702.019607842,
20848990,aot,30860371.070588235,
20848568,aot,18874636.05904059,gas-used mismatch for 0x0213fb5d8075b7048857c969e687e8566c192918c40fa2421698664319a9cdba: expected 277745 found 153935
20849318,aot,38671998.15873016,
20850812,aot,35331985.72185431,
20848919,aot,41389320.4609375,
20848122,aot,33170170.71895425,
20848381,aot,50060668.018518515,gas-used mismatch for 0xa11d721108469f335444202ef4ce207215caf2712eac8cc78c8f1cd2d0a3ab33: expected 533225 found 257071
20850631,aot,90996000.16071428,
20849131,aot,36608035.157142855,gas-used mismatch for 0x1a9fe4b22bca745c54b146dfc43563fbd1dd762c6a8f3282f67e1040c9514039: expected 524143 found 252211
20848756,aot,28510917.47368421,gas-used mismatch for 0xa2b9f12dfdc557d6698b7d8a08c2620b3225132b8108dee76417ee1e4c0ea1a7: expected 282545 found 153935
20848849,aot,38175965.11504425,gas-used mismatch for 0x498eae7afed070c415bb30053de53369fb51ea25e7c68e2e83ecc518a547f122: expected 588749 found 87246
20848052,aot,31616696.627329193,
20848872,aot,45332108.018518515,gas-used mismatch for 0x240ef87be6839a398196a7b5c712d4675a3be6bb868f866815d91cac307f5428: expected 428158 found 395276
20848474,aot,53958290.89473684,gas-used mismatch for 0x9c1d5c8df3f9b0b983ffda44e46c824e907f815d3b5bd3a477d8e7a443a295df: expected 287345 found 153935
20848163,aot,35390020.11888112,gas-used mismatch for 0x3f8f81ce2b923a43e5ce83c50dcb9c3376e89067dd3935cc7b47f91f65b15ea8: expected 324110 found 95880
20850443,aot,74212649.61764705,gas-used mismatch for 0x7066144a6c39214f334e657ec002b5f658ce75118b6d8cb2c347140a18e09992: expected 262029 found 238327
20848284,aot,60042745.3,
20848006,aot,82919672.47619048,gas-used mismatch for 0x5e42a2b257b3f70a6d2f401b01e0ecf0feca9a88b9ca5b87e07ca4c220e85861: expected 277745 found 153935
20849459,aot,48622337.475728154,gas-used mismatch for 0xc528975c9a3d3d1279667531c0bb4920e204ba904f7bebee14d30f241caa4a97: expected 277745 found 153935
20849365,aot,27622528.023809522,
20849435,aot,55115296.572916664,gas-used mismatch for 0xdadcd68c5ee33f086e69c32bf30462f8ecd41e1d3c479c5e7a3702bcb5fc932b: expected 262852 found 245561
20848896,aot,68325652.76190476,
20848328,aot,56362496.09677419,
20849881,aot,72154026.18571429,
20851007,aot,42951154.24576271,gas-used mismatch for 0xe30cffb7c8e5c00bc7bf2fd25a37da48751f4f250fed5a1b7aa47ba982cb708a: expected 277745 found 153935
20849225,aot,36176329.9296875,
20848522,aot,26026348.2097561,
20849201,aot,40551970.42477876,gas-used mismatch for 0x06909f6272485480af891a82527126844cd3133ed3962b1ddcc6f335cd818538: expected 277745 found 153935
20850257,aot,36285995.202797204,
20848475,aot,55734761.28787879,
20848058,aot,28142889.274193548,
20848041,aot,55253673.38636363,gas-used mismatch for 0xffec971f0feca728e8e83f8211a8f55cb32db6b96c41177dd23f1c737419cf99: expected 421256 found 96763
20848030,aot,40596797.047619045,gas-used mismatch for 0xe706bab986905282c0bfccf969f6e5e176783993f1af33f90a96e267f3c94bb8: expected 588749 found 87246
20848089,aot,34123605.655172415,
20848147,aot,36193986.18543047,
20848920,aot,42764566.06603774,gas-used mismatch for 0x983cc86aec822182e4a7f4c6471e171d44f9b18d871292c3828a972d83468c1b: expected 277745 found 153935
20849446,aot,40416837.983333334,gas-used mismatch for 0x2648e3bd6446577ab0ea75af6ccdb3138366e0de763a58dc008b118f555aed2c: expected 356568 found 98910
20848194,aot,33130204.3625,
20853257,aot,28238070.8172043,
20852507,aot,49705044.28712871,gas-used mismatch for 0xabefd39521bfbe1980312d3f9348d4be8f184f30c771526b2b3c6f38228726bd: expected 277745 found 153935
20849436,aot,40245109.104166664,
20848710,aot,34836674.95333333,
20849132,aot,38323258.13076923,gas-used mismatch for 0xbfed40cd99e2d9a6b345ad49582f97e38b63eb9f4cc769f1d7a652e5232f8bde: expected 558608 found 104829
20848902,aot,51246081.95049505,
20849178,aot,47480386.43103448,
20848663,aot,26059111.611650486,
20848944,aot,40498465.39230769,
20848850,aot,48220221.366336636,
20848873,aot,36403628.6617647,
20848329,aot,37385244.230088495,
20850813,aot,38252732.43262412,gas-used mismatch for 0x6fc34e56a1d1bb9c877d73cf81a0d3a684b5264f35d6b2fb643708fc5be6b128: expected 457620 found 414955
20849038,aot,39176422.20689655,
20849460,aot,42506299.74137931,
20849272,aot,59085179.07,gas-used mismatch for 0x874efec2fb2dc96b9a26a22543151a0e7793bdae8c347dfd97c69cb6a2d015ad: expected 282545 found 153935
20848285,aot,35843242.28888889,
20849366,aot,51503676.14285714,gas-used mismatch for 0xc86867811f7dd69901ea894837b91daeab543313cecb8d59ed63cc1e7488b3a7: expected 434583 found 189617
20849507,aot,49726528.407079645,gas-used mismatch for 0x87947addd509e1987d82506f8a8c9a6075d557121931f255d219adcf5c018bc5: expected 282545 found 153935
20848991,aot,31197483.386363637,
20850444,aot,53336946.0,
20848382,aot,56510552.13978495,gas-used mismatch for 0x3426e84428d6b25e022a94f40b886988a16b1c091587482ac562d19e38e8c57f: expected 340067 found 348486
20848053,aot,35773031.1369863,
20849188,aot,43392990.16793893,
20850632,aot,34340004.56774194,
20848569,aot,81436706.86153845,gas-used mismatch for 0xbe1d01c2cc73789afb11c02b6a278f1cfbad6130991698296619d40d0e8a0909: expected 277745 found 153935
20848757,aot,31820515.488235295,gas-used mismatch for 0x933a66fd5e01df539df693dfaebc72a42ebaa4731c77ab81a59fd6ab471512b2: expected 277745 found 153935
20848164,aot,47308107.86956522,
20848123,aot,83412791.13846155,
20849319,aot,34944471.9122807,
20848007,aot,35970425.553333335,
20848897,aot,35752097.258064516,
20849413,aot,69462428.52222222,gas-used mismatch for 0xaf5038e10a2e0725ce189ca354e00831240651bef0c03f070c02b3077cccdf7e: expected 191460 found 81726
20849882,aot,32086434.49068323,
20848523,aot,24198975.59574468,
20848476,aot,31693721.55944056,gas-used mismatch for 0x717fd53d8ceb3ae6d7e8699d6bf7af6122568989bb47acb93761a9a0be7f9f6d: expected 263078 found 69959
20851008,aot,32375162.198717948,
20848059,aot,11528692.815242494,
20849437,aot,11209059.657957245,
20848921,aot,28125161.664705884,gas-used mismatch for 0x472a317a67b40763eeb6261a21ecd838124e3cd0735d4f638454012853262554: expected 277745 found 153935
20850258,aot,46669610.36111111,gas-used mismatch for 0xa38ccab4967d8c7d812694d445cd7bd3b8415601786f1369f6362c8924920f08: expected 563017 found 319915
20853258,aot,8788620.782531194,
20848195,aot,36053222.71538462,
20849202,aot,41814624.29365079,gas-used mismatch for 0xf7998d565ca6c3ead38d657254cae44c3f6da0605149fd8040df057728e12944: expected 363275 found 206334
20848031,aot,52915187.2631579,gas-used mismatch for 0x88917210e29c4f85e297efd794e920169bb6498ceb9d756907dfdaab9701091d: expected 793944 found 287830
20849447,aot,46645652.26213592,
20849226,aot,35854771.11643836,gas-used mismatch for 0x2a5efa4d02027cb0760556a820936aeff8c60b1c59ae02dbe4c0369ed33f6143: expected 277745 found 153935
20848090,aot,37779964.22794118,
20848042,aot,35739222.82517482,
20848148,aot,32245624.411042944,
20849133,aot,60385887.03614458,gas-used mismatch for 0x0872f128de66fc57da68365364817d274cf40af867d38907f689cfee2afd53ae: expected 277745 found 153935
20849179,aot,13378169.304461943,
20848711,aot,32181635.232258063,
20848570,aot,25847077.55248619,
20852508,aot,35549811.27741936,
20850814,aot,37461909.948529415,gas-used mismatch for 0xd332dd640f8b972aa7598c07e0b5516c1459b69a2f64f2237e1a8f6ed3f575b0: expected 286038 found 238405
20848903,aot,38465245.10294118,
20849461,aot,31483986.76875,
20848851,aot,36154094.67123288,gas-used mismatch for 0xa0d61a3252c1ae9f87f76045bb6e675e2a9b0152a1ff8794e5b59b05c34710ea: expected 248244 found 53175
20849189,aot,45221486.64814815,
20848758,aot,36111120.18115942,
20848330,aot,32615136.4601227,
20849273,aot,41288970.784,gas-used mismatch for 0x4051b0ad7c54d500627946b48eb13dcb4ccd038246c0cff373118a1a6ee01de7: expected 623627 found 463661
20848945,aot,66164575.225,gas-used mismatch for 0x45390b5452a4973b9e549df0104fdee5ca819d92e52e86b92607b011953e245a: expected 277745 found 153935
20849508,aot,43976344.53097345,gas-used mismatch for 0x313fb2682e4c71d7fa9ae08dca3fe6d76f5ec2f2d840b26d780830552f4b5801: expected 255392 found 240534
20848124,aot,30314637.924050633,
20848898,aot,18676499.5375,gas-used mismatch for 0x246213d6169c519d2aec3e6828dde4341bb706149aca249a7afad9b1b8493b40: expected 588749 found 87246
20848874,aot,41506712.5625,
20848054,aot,39025240.903703704,
20848664,aot,66842791.833333336,
20849320,aot,19588022.244186047,gas-used mismatch for 0x2e6e4752c7546a9b7a0f37954068836d1e1eb6d10f427e1100506b8c13579da5: expected 417305 found 293270
20849039,aot,44020285.25203252,
20848286,aot,46169028.381355934,gas-used mismatch for 0x28521e3a945e326dd0e5add579554b3ed74f6f2886913d93d518b54b68bffc80: expected 264433 found 242431
20850633,aot,49187940.40776699,
20848165,aot,38634061.03076923,
20848992,aot,68756734.51315789,
20849367,aot,32059944.20441989,
20850445,aot,72055068.32894737,
20848008,aot,40873457.484126985,
20848383,aot,44747062.57777778,gas-used mismatch for 0xb0e242cfef3755982915c7e1a232d6d02bf41407abe54123e2404ee122c52521: expected 277745 found 153935
20849414,aot,52730665.153061226,
20849883,aot,74083235.23943663,gas-used mismatch for 0xb0cff455e4abec3459991a51ed86701764f208eb7db52e0e8b9958f2fb4dcff0: expected 449367 found 417171
20849448,aot,40844156.19811321,gas-used mismatch for 0x03b99e87014fd2bb20faa1a34589a703a03fad979032e35a81ecad66d53879e6: expected 447140 found 95880
20848477,aot,30470949.44242424,gas-used mismatch for 0xe44c673fa91a5eb3678daa5fdd0c46dcc4649eac1972cafab16deef2121094e7: expected 343850 found 99103
20848922,aot,25553451.44897959,
20848032,aot,36104850.21374046,
20853259,aot,49564284.8,gas-used mismatch for 0xef5ff8b1c2ec5f05a6efd02c83ea8cabbae90358d098f7fb25f924966327a306: expected 120676 found 61875
20850259,aot,49805273.35714286,
20848060,aot,53360503.653465346,gas-used mismatch for 0x81da5e36e9412b9861263b71e5a4bdb63295535ba51ab1a9a3fb96ded0540197: expected 277733 found 153923
20849227,aot,21145262.612244897,gas-used mismatch for 0x6c3c6d31a48ad5e0a4f6a7761c01dfad1bf6c2b0d9dac97506f9cfa540b2ca93: expected 277745 found 153935
20848524,aot,71370318.79012346,gas-used mismatch for 0xeec044265395b0d9dc971cf97eb30c4f76093533e6637e132f7d086cd36eb82f: expected 277745 found 153935
20849438,aot,66379002.820512824,gas-used mismatch for 0x35a6bf2ed60d8e44e45eb9247cf3a95a881f7e6390a032c9ba225e874212a8f8: expected 277745 found 153935
20848043,aot,55133680.59139785,
20849134,aot,28063915.06557377,gas-used mismatch for 0x8368185ac69fedb935352e09de01432498ee73a30f30d7beb9d02b53cf5b58fb: expected 427142 found 96720
20849203,aot,44743841.80165289,
20851009,aot,70437342.8076923,gas-used mismatch for 0xe9e30f09f4c7260600d84cf974cbfc373d4afd049bdc45b808260aa34b3bfa21: expected 168022 found 98232
20848571,aot,54482260.04395604,gas-used mismatch for 0xc5b49910cfc69b727efb1637c1fa9737d5205c3bec86e21b5b97c9dea91a1a4e: expected 266951 found 219661
20848196,aot,46326299.60869565,
20848904,aot,21506095.307017542,
20848665,aot,49077945.89772727,
20848055,aot,32362809.466216218,gas-used mismatch for 0x37595071b20ef99ed15382189289685d948589ea75562d1bfd6e3e666fcd5862: expected 255440 found 240504
20848149,aot,38288216.35460993,
20848091,aot,46924311.35,gas-used mismatch for 0x12c481048023b512def48a4bdd48e63882f2367186892ac1e8f38bcb419d27de: expected 25168 found 25114
20848125,aot,33978957.97826087,
20850815,aot,50326869.71287129,
20848712,aot,59020836.71428572,gas-used mismatch for 0x97d83fc22e51709a7426fe9e36f91d90a4cab6129b6914b02795e1bf09c6d547: expected 794508 found 481235
20849180,aot,63614942.8375,
20848287,aot,39938410.13559322,gas-used mismatch for 0xec418781b7a770ba773c10bd1e865030e6d02676ac8b65ee248b73824d400231: expected 287345 found 153935
20848993,aot,27756597.952941176,gas-used mismatch for 0x2715bc427d02e62c658810484746d1952abbfde95e8298789bae1227dc07ec5c: expected 282545 found 153935
20849040,aot,27964072.54857143,
20849190,aot,29866471.09248555,
20852509,aot,59828194.04395604,gas-used mismatch for 0x17544e0fdc234aef40530de8804ae9d4d2375c93f71a3025a7cc433064a37dda: expected 278645 found 203331
20849368,aot,14345251.390625,
20849274,aot,40392660.43846154,gas-used mismatch for 0x7d83be6112bfeb337b0b608739233a92c6a813043ee785340629b61cbe270196: expected 282545 found 153935
20849462,aot,47475831.518518515,
20848384,aot,34178525.90243903,
20848759,aot,35797453.093333334,gas-used mismatch for 0xf014dbe083f0c5125f85cb0057cc582f0e90171da37daeb9e0af1e40882066d5: expected 277745 found 153935
20850634,aot,49604227.96,gas-used mismatch for 0x2329093172c5ba9af93543c455bf06add363854f4166e895097cfa8b540d1a47: expected 472655 found 95880
20848331,aot,59273052.20930233,gas-used mismatch for 0x272247507e3d85a750d1109a08e32508ef1a2c327fa8d791150249a56d1ed061: expected 277745 found 153935
20848852,aot,43534095.28571428,
20848009,aot,38652291.76521739,gas-used mismatch for 0x248f74738a0e6729f3abb4f2c3ddb026010ca10fb86261d66a9ff585610691f6: expected 365263 found 95868
20850446,aot,34268919.984962404,gas-used mismatch for 0x87f11a15cedd12036bdbdc961720bf72ef4750bff954dea71b2ea82d11034ee0: expected 252814 found 238254
20849509,aot,31675477.65497076,gas-used mismatch for 0xe5c42bd603342356892463a4808e6c2f05fc0286af3487323d33294e1fad6f3d: expected 589523 found 402256
20849321,aot,48975922.81904762,gas-used mismatch for 0xc379508da01e055d4e8719d75cdd3b289b3908f6f554a6aa01d0d3fc84b05fc7: expected 759082 found 734002
20848946,aot,32451885.415204678,gas-used mismatch for 0x8123ca0dac86f33bf5e5d5ebb881a9d30ef1b96effea3f6c87dd60019f153bc4: expected 277745 found 153935
20848875,aot,53421903.31,gas-used mismatch for 0x2c5df9a0974f67f1afb67c61a76f6f89800683467f367c3afc8856df983722f6: expected 277733 found 153923
20848166,aot,43455273.88333333,
20848899,aot,73602500.71428572,
20849415,aot,49167018.19090909,gas-used mismatch for 0xe79566dac05e46d0e2e45aa58347926fe242308e0f5e6503c47455b5d2378d5f: expected 459160 found 418026
20849884,aot,40658325.17730497,
20850260,aot,39092637.56,
20848061,aot,50227856.346938774,
20848478,aot,34330822.34939759,
20849369,aot,71258009.85416667,
20849449,aot,56842174.82653061,gas-used mismatch for 0x76598c8cfa76b10ce1282e86c4ff563a415dd8fbf74732a16ff145668e9f536e: expected 401647 found 309310
20853260,aot,14255348.111111112,
20848044,aot,15117333.639393939,
20848525,aot,50270752.04,gas-used mismatch for 0xe7943bb25f355fedd9cd361cafa19ed0e8f1c1477a886239e24c6d6a9df51179: expected 443040 found 96673
20848033,aot,53626329.68571428,
20851010,aot,46229615.845454544,gas-used mismatch for 0x1ec69836d741fe23310cf1079ad0f649f281d78d2a8a5da2973f1dfe2e31c6ee: expected 386575 found 95868
20849204,aot,29606200.56,
20848923,aot,62813494.38372093,
20848056,aot,44459505.21238938,
20848385,aot,48089175.1632653,gas-used mismatch for 0x1b10f5a208bb1b3aac31eb0438505445e8b3e657cee9a433da243b06ce5cabab: expected 396910 found 159007
20848288,aot,49683041.32653061,gas-used mismatch for 0xd5c7552e38c8368014c701b98635c81c798d1968b8329bf7ca2e1cc654cc88a5: expected 194517 found 82074
20849439,aot,53475773.1122449,
20848197,aot,51761435.79611651,gas-used mismatch for 0x54f597972610b4c92d9e73bf5cb16cb647dcd0fb23636fb54d75fee5ad1a3b0f: expected 277745 found 153935
20849135,aot,39312456.4057971,
20849463,aot,39010208.05555555,
20848150,aot,25468209.936585367,
20850635,aot,31492514.606451612,
20848572,aot,42392565.28461538,gas-used mismatch for 0x816f6c1165113d2d82ad6115e70da38b931b2621725e216ed559bce52b788efb: expected 377752 found 249813
20848126,aot,52083991.00990099,gas-used mismatch for 0xeb2bbb4e4f571cd86182938daf4361de09b31c8bcf29511efa89965326fa4d00: expected 908885 found 457639
20849191,aot,32099214.7125,gas-used mismatch for 0x0a8862a693f0cc525bd0a6caf742a89dc492c564369428a6884313ce4f9ba8a2: expected 360877 found 403580
20848092,aot,28918569.47311828,
20850816,aot,35820661.84931507,
20848666,aot,39490052.22058824,
20849510,aot,40639941.725,gas-used mismatch for 0xe8d232d2e209f04cfbc2fb09ac1e58074fa70fe8299f9e877bfcadfb6dd15ac2: expected 277745 found 153935
20849041,aot,65685324.35897436,gas-used mismatch for 0xf25ae00b1f3690c602a1e8c71207ae34e216e21d0e1938dccd06ac71251c665a: expected 391569 found 95880
20849275,aot,26472486.276923075,
20848713,aot,34135610.92810457,
20849181,aot,46123677.577586204,
20848332,aot,43002907.04310345,gas-used mismatch for 0x60c6d683a5bdf0155a11bb57f113bc125c01a77a53a409a28ef62f489b18be62: expected 277745 found 153935
20848853,aot,34834637.07333333,gas-used mismatch for 0xf1df60bd4a48a68b6b005a6b29e80c1da57a7867cb59a3edee64e31b7748c7e0: expected 286796 found 92678
20848905,aot,52774512.27184466,
20852510,aot,43653536.232,
20848010,aot,42313721.384,gas-used mismatch for 0x2604abf2b308b0402693a58dd1ed428ec66a7660a3dff9716f531ab60723abb2: expected 875189 found 853276
20848994,aot,64708331.058823526,gas-used mismatch for 0xdd45fde9e8f63edd9848363670a5d0bc826515570d8bdea6f60fe0c8f35a6523: expected 1199023 found 1126479
20848876,aot,35389332.70714286,
20850447,aot,46527354.4137931,gas-used mismatch for 0x38fd94f509ae839a7c2f97d1ac248d465021438c91a3761d319c179e6e560bed: expected 1087943 found 985505
20849228,aot,73465257.53424658,
20848760,aot,37742919.17021277,
20849322,aot,57813537.05494505,
20848947,aot,63060757.8125,
20848167,aot,41083013.008,
20848900,aot,43988663.90990991,gas-used mismatch for 0x28729f268bae8ede8f6fccb1a009b455eec8eab0e06207adf275a465d029cbee: expected 277745 found 153935
20849416,aot,37838274.294117644,
20849885,aot,41861288.655172415,gas-used mismatch for 0xc78cfcaf91f69f62494fff75e10aab4e31989a617bf95f482c00ebc9e68162fb: expected 427154 found 96732
20850261,aot,44229305.96226415,gas-used mismatch for 0x2a02c2f02bc9aa144666c3812260eba264205cf8125b4b7d65c5442b16931bae: expected 277745 found 153935
20849370,aot,30710176.04117647,
20848062,aot,40647921.23846154,
20848479,aot,69779129.49333334,gas-used mismatch for 0x72c08db92e34e01515c96323f121058544abada3545c0f1330ae370476bffebb: expected 282545 found 153935
20848526,aot,48334247.20792079,
20849450,aot,36223161.86666667,
20851011,aot,25374058.689655174,
20849205,aot,47004135.567567565,gas-used mismatch for 0xdd32898430bc23a36a420433d2d7317e617c8c57c5ee794af3bba8682230db25: expected 365695 found 306026
20849042,aot,32053855.301369864,
20848045,aot,56979828.44086021,
20849382,aot,36150353.88888889,
20848714,aot,47312138.81,gas-used mismatch for 0x259caaa0816623dfc4577f4d8bc7ae78736dfc07e2ef0894d8fc9c1d72cdc9c0: expected 949138 found 614062
20849440,aot,30521039.070588235,
20850636,aot,20943210.22983871,gas-used mismatch for 0x41d37bb365ba5dfce9f3dcf88e5fae3496f4204947826429ac0b953efad82aa7: expected 386587 found 95880
20853261,aot,76570796.57142857,
20848127,aot,46891779.777777776,
20848877,aot,43886915.82178218,
20848289,aot,29380193.664864864,gas-used mismatch for 0x556a4ac0b9e6128ab5f5a98d11c2cce66544426f408a17295dd95c29d7aa8d68: expected 416424 found 261126
20849136,aot,32693092.392405063,
20848667,aot,39100552.203125,
20852511,aot,34832634.13235294,gas-used mismatch for 0xd8496398a264f55beb1891604ded13d6b017cbd99166d697961a28ccd8659abf: expected 168022 found 98232
20849288,aot,46280313.22413793,
20848386,aot,42128630.234375,gas-used mismatch for 0xb46e40c6bca8aa2330ff18035d20ab15e55d0d3c8e037326634d21de0c7f06ae: expected 355608 found 229213
20850817,aot,38236194.55384615,
20849148,aot,50877489.14414415,
20848854,aot,13432926.73015873,
20849511,aot,47658876.13207547,gas-used mismatch for 0x7c0b7e06b6516830f18e963b8451f055b1df94b710b93e8fa0bbec4022e703df: expected 277745 found 153935
20848924,aot,77473172.95384616,gas-used mismatch for 0xcc341b029376fe70ffffa51fdf97b81430fca8561a454a50af29d6a18a6f0a4f: expected 168022 found 98232
20849464,aot,52079030.32038835,gas-used mismatch for 0xde68497c61dc0c4eb2c230e2f55dbddbdeefc83d7543356d97a11af3cff9848c: expected 323066 found 95868
20848198,aot,46231788.4661017,
20848573,aot,36670550.56666667,
20848333,aot,29741671.728323698,
20850448,aot,18651992.853479855,gas-used mismatch for 0xc13e9b622af72ba9e307aa3ae548bd50b2fd341dd8e26999af10afe75105c722: expected 1079210 found 986372
20849192,aot,45126801.4214876,gas-used mismatch for 0x3d14ad62ece77c22f6841736e9e43a0019d1768d3405b72e8d5431b8fef9d1c5: expected 277721 found 153911
20848151,aot,57129404.03157895,
20848168,aot,54676147.3373494,
20848995,aot,25274006.74,
20849142,aot,50755827.55339806,
20849323,aot,43305594.25,
20849229,aot,31735231.9625,
20849276,aot,68388402.97435898,gas-used mismatch for 0xe13dea8aa76e64b4890598209d45725bef57da0f926a22f4321530f71b437deb: expected 277745 found 153935
20848948,aot,33966983.88513514,gas-used mismatch for 0xfaac6b22ffdd2a64ffc5d9f09ea16b94236e3da2297cee98d8b5efe167f39c31: expected 588749 found 87246
20848761,aot,39298861.32061069,
20848011,aot,39453226.0882353,
20848906,aot,39604634.114285715,gas-used mismatch for 0x0c0b678ba44470f518f91eef17122122e3eb3ee0b47f688a070161b1b169b4ff: expected 282521 found 153911
20849417,aot,32671950.314285714,gas-used mismatch for 0x0491bde26e2081bb278627d27e564bbde1d669bfc43fe74e9b4436bebe9662f0: expected 427032 found 95880
20849007,aot,41320374.16101695,
20849886,aot,33369793.0942029,gas-used mismatch for 0x81096ce1dc1f67454d859d34226403abd5a594c13c11ecbfe2c722524fb7792e: expected 329228 found 95868
20848480,aot,32553034.732026145,
20850262,aot,58633503.666666664,
20849206,aot,16349671.902027028,
20848063,aot,45443297.74336283,
20849371,aot,51673922.770833336,
20848668,aot,23520476.41791045,gas-used mismatch for 0xce0e04ddcd7dcb728d122f0992f7474a7c96e543b9017e07cd3187436bb4ccf5: expected 439156 found 378731
20849451,aot,41684731.7107438,gas-used mismatch for 0x40b42fed0fdb7b84739f1fdb0b25eb4c8722b7c59bcfe5881d86ca9d872189cc: expected 277745 found 153935
20853262,aot,36831370.44274809,gas-used mismatch for 0xd49fa97d6fd903928297a847b33f4a99fa73dd07f8b88df1eb0111e69ceac8a5: expected 1376737 found 125063
20852512,aot,31569135.54248366,gas-used mismatch for 0xa3d8288907b78b5716130b51f5304a576b0ddf4ddf46404561f05a6bb7a896b8: expected 277745 found 153935
20848715,aot,32324165.670967743,
20850343,aot,37069270.007246375,gas-used mismatch for 0x0f95798d4c464254ba0de978c4fe3eb3a67d7fcb9433c617a570b46b53a60d6d: expected 278033 found 198059
20848527,aot,35564013.037974685,
20849149,aot,40915331.38333333,gas-used mismatch for 0xed202d691c1cac7775e4b892536e0d7871b578aec9de9282729ad688231e4189: expected 400055 found 368521
20851012,aot,70164136.90789473,gas-used mismatch for 0x6b21408f6f78929f8faae4fb4cf8884363df18246844036342bead073bf45ada: expected 287345 found 153935
20848387,aot,3784883.391208791,
20849043,aot,50985817.9,
20850449,aot,55443273.434210524,gas-used mismatch for 0xde1a01e239a20f53cc55ed75dcd94fe285979c5cd3058e3fa592c6c4578df4d9: expected 168022 found 98232
20849137,aot,42227302.443478264,gas-used mismatch for 0x97dc007332ddd68612d93a9ed7549d28368f5f8ba81e9c699cfeb5eb92d212d5: expected 277745 found 153935
20848574,aot,14826197.109756097,
20848907,aot,51296062.475247525,
20849289,aot,56375778.14444444,gas-used mismatch for 0x64e5c64a3a72bc00bb0d11863706d845cbc4684db362571bd7f2b9b0b37528c9: expected 277745 found 153935
20848290,aot,20878000.627906978,
20849465,aot,37565403.86466166,gas-used mismatch for 0x57a639bb5387b476f5c04ba5f701d3c9fb26c6c1de7698dce3c03a8bfde1a8a5: expected 264291 found 246328
20848128,aot,46380526.628318585,
20848996,aot,31625198.54,
20848152,aot,55299735.02352941,
20850818,aot,41878368.520325206,
20848925,aot,24532998.605633803,
20849230,aot,52234825.84946237,gas-used mismatch for 0xc6cd0490098c18f14ffe6c6a7008985f50301eaada8189f2d8b753af776db880: expected 286864 found 247598
20849324,aot,39451967.98373984,
20848878,aot,37606809.88275862,
20848855,aot,61521840.39506173,
20849383,aot,46829355.923728816,
20850637,aot,77270394.6764706,gas-used mismatch for 0x66b891275d113951f4d0c3cfe5feb957d0ce5389180946ca1454a0066ddebadb: expected 282991 found 157472
20848334,aot,59046773.41111111,gas-used mismatch for 0x83f3e0568f4a8fd82ab75ea58a6ea4120ff3473913a82259fe71fea0ef219d70: expected 312217 found 247834
20849193,aot,70561142.80821918,gas-used mismatch for 0xa938066d41adf0789b17a24b257c771023895d7d3538b1113136382f93af5ff9: expected 1645425 found 831584
20848199,aot,40421069.618320614,
20848949,aot,44296294.71171171,gas-used mismatch for 0x8c7bf493197e408f934c8e127002f5868f6cf6d0d70722bb0c8371d6d800ec9f: expected 277745 found 153935
20849078,aot,17426145.131944444,
20849143,aot,27669198.16580311,
20849277,aot,51143528.663157895,
20848012,aot,42809149.60344828,
20849512,aot,39599132.7260274,gas-used mismatch for 0x153b5baf036ff395121567c063bcd1fd6fea88e329ab42e7810cde84f1d75700: expected 437153 found 273082
20848169,aot,35605972.741935484,
20849008,aot,25649999.545,
20849418,aot,53175640.03296703,gas-used mismatch for 0x591d70da8d347192f68030cb1e24b362a187ec0852d50e2948c3d54d3809a333: expected 284650 found 153911
20848762,aot,52619488.75238095,
20849887,aot,36036034.674074076,
20849372,aot,52854858.84946237,gas-used mismatch for 0x6a993027dfbc96b2a10414e8987aaa9133fa5e5b787c5ca0a9578c70b0130741: expected 277745 found 153935
20848064,aot,33063387.09032258,
20849290,aot,8385294.858422939,
20850263,aot,31586742.34117647,
20849452,aot,39406379.452380955,
20849044,aot,52825463.28888889,gas-used mismatch for 0x0b10aa92af5b263485e905a6560cc25900586c7d72b4ae63cc28614d558ea452: expected 282545 found 153935
20848669,aot,60955640.2962963,gas-used mismatch for 0xf7953e72a7f6e84bb0426a2a03d246e44ab50c3b3bc55854b4f21b1ab9023168: expected 345520 found 95868
20849466,aot,26696556.961325966,gas-used mismatch for 0xf5b82b23999a68b2a2159ac0c8df1c664a8df232836ed27e63c5e648e7ac1bac: expected 310430 found 95880
20848908,aot,36400512.984962404,
20853263,aot,40947473.92063492,
20848528,aot,47402381.15238095,gas-used mismatch for 0x24416e18415bfc28b725987f7330014a015fbb4ca0768c6d85221067fc64d8e2: expected 189099 found 81798
20848997,aot,26821320.812154695,gas-used mismatch for 0xceb114ca80846340160298ea733f09adc83a69b03114aa745e62483f50a414a0: expected 587395 found 346212
20850344,aot,37154760.5367647,
20849138,aot,35875291.08391608,gas-used mismatch for 0x5da269d3cead41f551bce81ff47e99c70ff7ef7ffa3cc3ed82ccdc5626dcf0cd: expected 917341 found 582265
20848481,aot,36392599.14285714,
20848129,aot,38025246.323308274,gas-used mismatch for 0x4bc569999e643c2745f713c649091ae0e1d72a757e6efe377cb260adf9f0922f: expected 277733 found 153923
20851013,aot,47725318.93396226,
20852513,aot,44170748.06504065,gas-used mismatch for 0x99724cd4122e3e13cb41ebce255bc67fbde7c1dbc4114750c02f071bafa3e5dc: expected 807326 found 514821
20850819,aot,31674870.582278483,
20849150,aot,40353434.76153846,
20850450,aot,41228683.484126985,
20848716,aot,54354028.49,
20849325,aot,37679000.95488722,
20848153,aot,35896706.202797204,
20848200,aot,32722421.413333334,
20848335,aot,47181732.0462963,gas-used mismatch for 0xae6383624b5c6c78cec6ceb410f6f80c59a26905db133c70192c1539048505ad: expected 286026 found 238393
20848879,aot,56554060.70967742,gas-used mismatch for 0xe5a579bef2a52424660a1c5ef4a2e173c2b3c621a82fe11045b3b197d0d87ff2: expected 277745 found 153935
20848575,aot,63712403.85185185,
20848856,aot,40124484.016,
20848291,aot,68147854.02816902,
20848950,aot,34283524.24827586,
20849384,aot,18738605.575,
20848926,aot,56542611.10526316,gas-used mismatch for 0x3807625414198abf7983b12fdb905ca6c059ebdb77f3a39347a9dff32fb9a26e: expected 526350 found 279704
20848388,aot,76113070.6849315,gas-used mismatch for 0xa8f774f77e966769e426bb4534be4e78d54964dd452647266629113c400fd277: expected 282545 found 153935
20848170,aot,36977867.676923074,gas-used mismatch for 0x67ce3a238d597d6eb15c007f645b28158a23cbafac2e3481b78bd0570160d8d4: expected 209352 found 82074
20849207,aot,72504109.975,
20850531,aot,41696826.83739837,
20849231,aot,47616336.24778761,
20849079,aot,78101892.77049181,gas-used mismatch for 0x352c55b851d36e3ec7c98ac6c61673c666edafeda1c77c1d53c85a4d4958e810: expected 282545 found 153935
20849278,aot,52740423.06315789,gas-used mismatch for 0x13b4c4330d81e2c4890624b5dfca13c841f33f1356a78b6e9c3dcc7fc5532295: expected 277745 found 153935
20850638,aot,45792482.10569106,gas-used mismatch for 0x515dc89d865cdeed1845dac267eb85ef85908931d63a66c51d8a3f08db7b5ea0: expected 277745 found 153935
20849009,aot,62073016.54666667,
20849513,aot,31173635.26011561,gas-used mismatch for 0xf4f5c40daa1568725442876612782608f05e3a4481a58abe52220cc40d5d7e46: expected 656522 found 660767
20849144,aot,58922549.39772727,
20848013,aot,42585303.9609375,
20848763,aot,39672619.583333336,gas-used mismatch for 0xaceb58b4e08a9a0cac17ac47cc3435e8dfe678482effcd8b4bbef8bae97bbdbc: expected 277745 found 153935
20849888,aot,29995986.7125,
20849419,aot,47284595.0990991,
20849394,aot,34212082.44594595,
20848065,aot,49574641.81553398,
20849045,aot,26019688.13131313,
20849373,aot,59099037.43333333,
20849467,aot,80212890.31147541,gas-used mismatch for 0x61a3db27277dc48effabbf2295c290eabd0a54cb6f3ded5e915bcce5f02fdd3c: expected 385676 found 95868
20849139,aot,46364089.55238095,
20848154,aot,29212941.208588958,
20853264,aot,39641518.26153846,
20851014,aot,29170898.285714287,
20849151,aot,5918009.047785548,
20852514,aot,28714422.4375,gas-used mismatch for 0x5f8ba738a01659ac1b898d576c11d38fc7fa4a719bbf74206f257c11dd41950c: expected 282545 found 153935
20848670,aot,34626466.909677416,
20848482,aot,52622116.68367347,
20848909,aot,35235688.93918919,
20848529,aot,37243828.39310345,gas-used mismatch for 0x86c4bd323d238d4a47db77ac097cff9dda4a97a6867cb2992500c57dae23d088: expected 324098 found 95868
20850820,aot,40557165.428571425,gas-used mismatch for 0x48cd631c3fead3bf41d744c7d52f7cf3a87cf6da23d39b7b4ca590cc854bb4ea: expected 177390 found 81726
20849291,aot,67307391.19767442,gas-used mismatch for 0x10f0230467faf11be322ee32635c63314a4fb482aedb80c9b46cbaffcfafd5c8: expected 262864 found 245573
20849326,aot,38124254.76335878,
20850345,aot,48167389.18918919,
20850264,aot,66185373.68235294,
20849385,aot,43446495.483050846,gas-used mismatch for 0xf202aaee82cc5e40e5fa77a347edea10904f4f9ee2e455adfe29fde748441d74: expected 416428 found 95868
20848171,aot,53376920.29545455,
20848717,aot,67482668.26760563,gas-used mismatch for 0xa6867c5ccea0d256c7342cef7f7e8d4f9d2499e22dbeca761bee5f54d5cc538e: expected 437463 found 96751
20848880,aot,45190338.04347826,gas-used mismatch for 0xff8165be94a509b447e1e9740ab847bbd5899a914792318f93a924c22b7bad1d: expected 1319011 found 848870
20848998,aot,98190522.4,gas-used mismatch for 0xaaee30d971db062d1748669b1267945ef648f0bad349772fcadf6eec584c9995: expected 588749 found 87246
20848576,aot,49881135.14285714,gas-used mismatch for 0x6cb300015daeef28b10e09e622140a7bd4a45136f9974cc74668ab64e19d6eff: expected 277745 found 153935
20848927,aot,37059209.330827065,
20850451,aot,52802918.4,gas-used mismatch for 0x407fdf297cd903105c00b5694f414e5ff39627ce16723b4fc0a3c638b425dbab: expected 512105 found 104841
20850532,aot,25098460.465,
20848336,aot,31000118.9122807,
20848130,aot,62394046.41111111,gas-used mismatch for 0xc0ec3c3b7afcb4ab6882e07b8ae320d9d8553a468dbf22a7f1444f5917a609ed: expected 588749 found 87246
20848764,aot,25961945.36309524,
20849232,aot,45476850.518518515,
20848389,aot,51557144.98,gas-used mismatch for 0xbe33b3102f5d4414849399feeb7841f6827e4a5e9d12a4429daec743f61c71c9: expected 168022 found 98232
20848951,aot,62101169.45,
20849208,aot,44312355.573913045,
20849514,aot,48511264.89473684,gas-used mismatch for 0x9973132b89f158537f8e7a7e193aa7e4b40d6884f29cce893073d03dae77fda8: expected 543843 found 95880
20848201,aot,54988536.1,gas-used mismatch for 0x193c39c2e457290ac7060b24bd27278131e23d406bde64c9b67916b32ac18691: expected 324982 found 289721
20850639,aot,57103914.084337346,gas-used mismatch for 0xfa0199e9f9bc3b329a51dd9a809b4f50bae97edcdef8a46f2af387f9684e2631: expected 277745 found 153935
20849080,aot,44683830.73913044,
20849010,aot,32194007.222222224,
20848292,aot,39185722.72340426,
20849145,aot,40011196.71666667,
20849279,aot,36668078.692857146,gas-used mismatch for 0x7034a87957454ef7857f902cb8416eddfd771edcd360e49bc787bfba15aba7b3: expected 277745 found 153935
20849889,aot,60222174.384615384,gas-used mismatch for 0x3c9081746848ca92d7e5e4b6217d01c8940ee63b210fc2f45e07790bd6dcf74d: expected 277745 found 153935
20849420,aot,22851568.023809522,
20848014,aot,28314341.710982658,
20848857,aot,35652100.124223605,
20848066,aot,34949306.3382353,
20848155,aot,41999581.0338983,gas-used mismatch for 0xb0fb66e0aa9c3b474f5f880146b1e7d5e1204895be899d8ac19044ae0ff7a79f: expected 637405 found 409593
20849395,aot,37988328.97826087,gas-used mismatch for 0x53cf4594f6f43d716e45a9af5ec31284ef8a2400107beeb3685e216c5293d033: expected 465369 found 432487
20849468,aot,40169358.49618321,gas-used mismatch for 0xfc809ae4626e3a158e0a9ec3318b77f6d7dd06bed1ed29dd205bc0567b760d9e: expected 536693 found 394108
20848530,aot,30546213.275,
20849374,aot,62848494.5375,
20850265,aot,31059763.025806453,
20849046,aot,59515454.1,gas-used mismatch for 0xad994cbe6f4b311493d37d9f8bc112fce32b5b391785186c317f3b4044bcf69c: expected 400596 found 172585
20848671,aot,45271530.06086957,gas-used mismatch for 0x680b855e85c1c9e459e243ec0b01765dc217993c058c3417915bbdc08bfab30b: expected 392023 found 365286
20851015,aot,37437608.89705882,
20849140,aot,40596023.323076926,
20850452,aot,19010426.083003953,
20848881,aot,21833456.16883117,
20848952,aot,24766268.31632653,gas-used mismatch for 0x5a90076819471660a4bfb8b200f1a56f81c996f58f5ac59e36539dce6ca6fcae: expected 321148 found 124869
20849011,aot,42141944.74074074,gas-used mismatch for 0x8b20a64e850d263844732152a82b38716b9b4a9fbacc99f95627347d0fad8c89: expected 287345 found 153935
20848999,aot,44653314.62162162,gas-used mismatch for 0x04d37a5ca27856f3da55688e2b60cd048a8e9f91120df3dca7f03cadf0fb50b8: expected 277745 found 153935
20848718,aot,35589788.27659574,gas-used mismatch for 0x2f994faa7ce74301aa8ddf23b2a3fc6791d8db7f2901f1d56118ae777f78868a: expected 759264 found 198845
20848928,aot,37701462.53076923,
20849146,aot,47052984.666666664,gas-used mismatch for 0x906ef7795757172dd050bad825b6dd098b4292893225b4a9144708d15be71e7c: expected 588749 found 87246
20852515,aot,36609502.593333334,gas-used mismatch for 0x7903b61452211f51e01a644311f36ad43f5e666904f85139dfb81ef1aee70b33: expected 277745 found 153935
20848910,aot,58113237.12087912,gas-used mismatch for 0x182a7e1d9b941f4c80fe69f8ff16628972a3dc6899cb14c1fc4fca21f8fe9939: expected 277745 found 153935
20848577,aot,38514211.389312975,gas-used mismatch for 0xa31a0ea881fe8e16596cf2927b7bc9a4b17a9a8c3af7730b171ceb99d7e5bff8: expected 348774 found 387282
20849209,aot,33164583.601398602,
20850346,aot,54621074.58947369,gas-used mismatch for 0xf22d030b46f2f28d164b0903ddafe2269b76cee4c8ff492a6c1181e59b2285ba: expected 324098 found 95868
20849292,aot,52334533.43564356,
20848337,aot,37201950.205882356,
20850821,aot,45067099.50847457,
20849233,aot,38144291.8,
20849081,aot,43759399.5462963,
20848390,aot,41829258.96666667,
20853265,aot,33679274.52941176,
20848483,aot,84494312.0,gas-used mismatch for 0x12ceac41d069fd5fc1d883365f1e819b9da44f5203c48b97f3a6d3b566710288: expected 277745 found 153935
20848172,aot,33101220.36969697,
20848202,aot,39019803.74615385,
20849327,aot,39470092.05673759,
20849515,aot,36836183.234042555,
20849152,aot,84132407.26984127,
20850640,aot,14707664.569444444,gas-used mismatch for 0x385e93d10fe33923a1f962d8f8b7f15ff346f4fdbdfeaaeea1ca20d49306ecb1: expected 168010 found 98220
20850533,aot,51306828.24761905,gas-used mismatch for 0x84e9d9f61b0a34262ee828d23ae481a149effbb13cc009e0145fa45e0a0ffe5b: expected 989962 found 915377
20848293,aot,27686901.021621622,
20849386,aot,61023103.755813956,
20849890,aot,43663806.274336286,
20849280,aot,29705255.89142857,
20848765,aot,49692889.7735849,
20848131,aot,37616612.82666667,
20848015,aot,47063518.0,
20849421,aot,80096203.5737705,gas-used mismatch for 0xeaf19973eb3328265283fee990ca5d50234b0533c7f4b3ada44048642868269c: expected 282674 found 49274
20848858,aot,39642056.3129771,
20848156,aot,56484509.986666664,gas-used mismatch for 0x8d3f026ce86a19c4007b64c263a10ebc4e841b0f5c2c3c058e3e20d362a1b3dc: expected 277745 found 153935
20848067,aot,39366534.091603056,
20851016,aot,53528544.705882356,gas-used mismatch for 0xe11a5da0d598db4c2cc5bf19b763273aefb661ec94a0094b6815f0fa51ca081e: expected 379731 found 320633
20850822,aot,13163266.855072463,
20849012,aot,31634054.410596028,
20849469,aot,46981185.25925926,gas-used mismatch for 0xf75ae0dae27a79fb3e78fafa4ed3c0d59c0d5ddcb21d8315a99620d6d045b5ba: expected 209352 found 82074
20849141,aot,50928133.395833336,gas-used mismatch for 0xe12378cdaf900a3b70490b23fa595576dde205b5268a92d43fdf34df23d89cd0: expected 666531 found 319442
20849047,aot,51215101.68,gas-used mismatch for 0x0108f09295f1ce0db3e2490d778299dbcb65db301d6b95fc798a4c9bf036606c: expected 588749 found 87246
20850266,aot,40999161.91269841,
20849375,aot,26545734.07804878,
20850347,aot,30331767.588607594,
20848672,aot,45061796.2,
20848484,aot,37095212.4296875,
20848911,aot,41619760.30833333,
20849396,aot,53871662.16190476,gas-used mismatch for 0xa2fe5d47160896f09115116a46744500b0165280ec3b1ed66eeafb1caac57c26: expected 277745 found 153935
20849281,aot,26700540.90588235,
20849000,aot,36096218.42465753,
20848531,aot,68094056.20987654,
20849147,aot,41424256.2578125,
20848173,aot,40040171.520325206,
20848338,aot,44606555.881355934,
20850453,aot,51565910.18518519,gas-used mismatch for 0x505486f88cd7601a3a3607200447b10dfef9be72b0c274c7712e88fb30456559: expected 168022 found 98232
20853266,aot,30153873.15909091,gas-used mismatch for 0xf0bf918c9095084d84138d247c591bec651721165d410b40e0de9c6a50b9c91a: expected 1211933 found 125051
20848203,aot,30266710.300613496,
20848016,aot,42582155.95145631,
20848859,aot,38640688.99115044,
20849516,aot,39498184.0,gas-used mismatch for 0xf3d035ffe1fb48e3820da5feb293383a3dd9397905ea4ebacfacb4e4766b5fb5: expected 377769 found 249835
20848391,aot,40639204.46564885,
20848294,aot,73288857.0,gas-used mismatch for 0x73dfa441f4cdfcbba27496163e7a9c6585fae76ac877576a5b2f7eb225d4f123: expected 990574 found 604064
20849153,aot,61515382.833333336,
20848882,aot,70870177.1369863,gas-used mismatch for 0x2caa75941808802199941a71a9a40e70675b38e5192a93c6dd82bfe0508ad010: expected 277745 found 153935
20848953,aot,51824118.836363636,gas-used mismatch for 0xb47a134eb04670dff0c50843a18e414e68e4b66a33d1440ccef1515589b6a524: expected 277745 found 153935
20849082,aot,42316454.0610687,gas-used mismatch for 0xdcf0e96b72cd82b4d34eb2f37210f6a96457c0738fa3a160cae18df2576be2cd: expected 834393 found 393462
20849293,aot,43219925.08,gas-used mismatch for 0x855d026e2a2c8245888292499de11713bac534b5d09c7513aba236ffaa993c19: expected 277733 found 153923
20849234,aot,71285971.93150684,gas-used mismatch for 0x3fc8ce54ce224957112274060abc604af54657e4c5db5ec215cb6d394b149e9b: expected 277745 found 153935
20848719,aot,41498020.32608695,
20850534,aot,47289800.0754717,gas-used mismatch for 0xdf459f447ca660140020dc7c4be6b72186a2454c9232dce177b3a93d8146fa0c: expected 168022 found 98232
20848578,aot,34381260.19298246,gas-used mismatch for 0x6e2f186484008638d44e61e885b52cb86b02bd2a43c1828b8c1cc72343bf5914: expected 324000 found 365633
20848929,aot,47415780.24576271,
20852516,aot,79004758.36363636,
20849422,aot,43062480.03539823,
20848132,aot,35599025.937062934,
20849328,aot,44999809.358333334,gas-used mismatch for 0x5a8773b419aac360f81ee02be98264672e1ab35e7dc68e693ce591206772cf43: expected 196308 found 81738
20850641,aot,64757950.868421055,gas-used mismatch for 0x31700cc2966508c2620fa19c82caa28781fa490fad4296ec07104511b70c929d: expected 303401 found 130924
20849210,aot,67784351.86746988,
20848766,aot,41584914.115384616,
20849387,aot,40398247.347826086,
20849891,aot,45153810.43902439,
20848157,aot,47201719.33663366,
20851017,aot,30982556.832298137,
20848068,aot,50118295.345454544,
20848485,aot,19482690.92436975,
20849048,aot,24377310.502463054,
20848532,aot,24046221.38829787,
20849376,aot,65173708.6056338,gas-used mismatch for 0xb4455bad9855aca56e8bc1653b2eb38a749d5e8e9ff7162c36851d59d1d37ca8: expected 277745 found 153935
20849397,aot,31788474.28965517,
20850823,aot,108250494.22916667,gas-used mismatch for 0x3794ba6b75c76d99105141f39f74b5b55b8a013e1c34361e3a223759a6caa0c4: expected 269875 found 238122
20848673,aot,40458996.56896552,gas-used mismatch for 0x5ee387b6a661fd9f323d4825865595e4dfc5234bfca91fbdd43986c64245d825: expected 152867 found 85518
20848421,aot,60141697.240963854,gas-used mismatch for 0x28500b6f0f2b6967c30981c90a222ebb4eda0047f83aa097d4adb0994bd8c12d: expected 643054 found 500649
20850348,aot,35350042.84137931,gas-used mismatch for 0x5518884706ca51ae239c032627b37e0fa920296de37899632aa7b47d2790b6dd: expected 277745 found 153935
20849470,aot,31592044.411764707,
20848679,aot,5783897.60116279,
20848954,aot,45377849.0,gas-used mismatch for 0x64ede9962e2f90c4b38b8e20cda7d6e40617812c95c0356b928602f1c0fd7ac7: expected 499174 found 298827
20850535,aot,12882887.044444444,
20849013,aot,77451121.47142857,
20848339,aot,13613824.456,
20848295,aot,32599832.854304634,gas-used mismatch for 0xe737d03b82a25830858d97e2b270ee0e08c023bd56a9e65644c8eb86194940b8: expected 349557 found 226710
20848912,aot,39587190.633587785,gas-used mismatch for 0xaf16551fad9c0713a871552618778d33d53013c69e0e9684777874d7a7bbaa31: expected 489132 found 107042
20848204,aot,17915958.519434627,
20848392,aot,51569655.161290325,
20850267,aot,48760259.324074075,
20848930,aot,26451909.988764044,
20848174,aot,40676022.2421875,gas-used mismatch for 0xab6dd5576433d172f9d5a957afd6c4daa0534126712c5a46762fae9ecd4981bf: expected 374563 found 95868
20848720,aot,14941604.48,
20849282,aot,61617598.42045455,
20848017,aot,38604126.66165414,
20849211,aot,35234802.75833333,
20848579,aot,31958652.481012657,gas-used mismatch for 0xf0b515af9f2ae4ba98b6a044beb7bc8f5dfd0c7a67ad95e7618879a51955496a: expected 277745 found 153935
20849329,aot,52840878.98795181,
20850454,aot,46887666.09259259,gas-used mismatch for 0xd7e8caddd1c462552f655e26c3b2be365e33b03b6b56d11f634ef3003c8ea901: expected 471472 found 411707
20849235,aot,42388807.18333333,
20849001,aot,47041874.63478261,
20849154,aot,44145172.016666666,
20853267,aot,55216788.802083336,
20848860,aot,40803543.81203008,gas-used mismatch for 0xf247f7c6260f787d30a8543f9e753cb9bb29bb97f411edf63cde70d1366657d2: expected 277745 found 153935
20849083,aot,45397486.04347826,gas-used mismatch for 0x1acc31356b40e2dfb67eb4c1c5fcd90d2287079cf894ad20c0cff192a4d6301c: expected 277745 found 153935
20852517,aot,27690569.162303664,
20849517,aot,57495127.041666664,gas-used mismatch for 0xea67eef4f75422612891b1562f12bfe6bc05d1fc069e1a0050d41e48f72f4f08: expected 277745 found 153935
20848133,aot,51784003.1632653,
20848883,aot,31993835.96590909,gas-used mismatch for 0x2912afc4e0c68a6533a786af7cab862bc190ef6de646a23ac89b0a07613b9fb6: expected 313083 found 254556
20849294,aot,55070442.34951457,gas-used mismatch for 0xbb454e3fe36290cd221de77790193e06e140f4687644cc2741888c0fd9d3ffb9: expected 400067 found 368533
20848767,aot,39050905.900763355,
20849892,aot,34545485.89655172,gas-used mismatch for 0xd0489299f41902bb5bddce2745a37fc06c7676a0f418ab1f9ee3db86927f96aa: expected 254920 found 210709
20849388,aot,47947137.25925926,gas-used mismatch for 0x0195f7cf50d30915b02049985af8e8eaf91a983df65a5b18c3b188eff8c8852d: expected 686739 found 279716
20849423,aot,37129786.28666667,
20850642,aot,36432763.25165563,
20848158,aot,25622433.635359116,
20848160,aot,35409879.70212766,
20849398,aot,38490075.365079366,gas-used mismatch for 0x2a5f07f34fb03640ce00517c78e968a72cc25f66455ced7e0376e24cfea6f7ed: expected 588749 found 87246
20851018,aot,44912843.3,
20850824,aot,38215740.47154471,
20849049,aot,54398417.83516484,
20848533,aot,30341395.397660818,gas-used mismatch for 0x3d8ba7c6ab4747b72f95d4660b45864421ecd55b779708d44b52a996b19655f8: expected 277745 found 153935
20849471,aot,41410568.556521736,gas-used mismatch for 0x7f847bea90f812aa307605fe8fe02af65bb8a701dfd24be1f01bee342ed373c5: expected 526785 found 221246
20848674,aot,26662018.808743168,
20848955,aot,51254897.9010989,gas-used mismatch for 0x6e91d990cea5201e5d250892d7599b161e79840ea332e820be179d87b55e4505: expected 277745 found 153935
20849014,aot,34232932.33571429,gas-used mismatch for 0x5c0b8885657d82633e0b253858bc7b8382eee5ebd982ee174339b510bce79594: expected 282545 found 153935
20850268,aot,37367452.8015873,gas-used mismatch for 0x6078110ba36a86d496202475d20cfd753e3de4e476b8c8a3b1c5f1f84c039232: expected 253165 found 238332
20849377,aot,36481960.12837838,
20848580,aot,41115008.554545455,gas-used mismatch for 0x6475e109c92fe54d140eb6d6d3cc70630b542a6ece163f55f6a930ab5b0403dc: expected 277745 found 153935
20848680,aot,5043.622298949954,
20848796,aot,24029952.43902439,
20848340,aot,68441733.49295774,gas-used mismatch for 0x7b26e5aa741ed5fe1d02f94dae0c6f82fab255dd94fb0018fac06f87ff64af64: expected 810255 found 384765
20848393,aot,37847739.87692308,gas-used mismatch for 0x4846e5289269995b5da99ac8134ad27b1323b8f564e766885f06a86ea9f78ddc: expected 1022293 found 209822
20850349,aot,36877883.125874124,
20853268,aot,8701860.976491863,gas-used mismatch for 0x66da5d25db3a7c1e0e2f1f642d7bed800cb0124f988a4041a7c53211b9da035a: expected 582237 found 95892
20848422,aot,50667847.25454546,
20848486,aot,72607040.09589042,
20849330,aot,30079540.563636363,
20849212,aot,60534328.938271604,
20848175,aot,37073897.19565217,
20849002,aot,40381369.12195122,gas-used mismatch for 0x0f29f4f19ec0fea13db395ac6edab0ccfe01c115b3ff3c68cc56dde121cb1297: expected 366899 found 180955
20848296,aot,22492317.3699187,
20848721,aot,69498839.36,gas-used mismatch for 0x75b51d7c4ec055f98b39fcd4c68a3cc575302c0fb99933a839bf84278c517ae2: expected 196308 found 81738
20848205,aot,65234363.15068493,
20849084,aot,40860455.56521739,
20849155,aot,36642182.36879433,gas-used mismatch for 0xbb87b76354982353d2a513d571f365685ddbe77dfd568e08a8620e524aa2202f: expected 605952 found 551773
20850536,aot,74852252.08219178,gas-used mismatch for 0xe4706111e72760ec6dee05f801e3617c2093179e1a5d2ed5c2435e5c1058b8b6: expected 277745 found 153935
20849518,aot,41930005.98275862,
20848931,aot,62262952.54117647,gas-used mismatch for 0x3bd8b798e5fde174c2a53a72bd82b547b8d2968de9d996d104c72fbed4630b9f: expected 472023 found 107018
20852518,aot,49411505.00990099,
20848861,aot,50564835.58095238,
20848884,aot,40716516.624,gas-used mismatch for 0xbf2df8cb2f38f7c70bf25cc80591b3563c0c218f01bc148d4f4e1ef32f5af397: expected 277745 found 153935
20849389,aot,40611593.686956525,gas-used mismatch for 0x9978967acb69f9328c9df4baa86826a7363fa4c74d1b2bc9c816b3e239793c4d: expected 530209 found 279704
20848134,aot,55654641.10465116,
20849295,aot,40055646.56097561,
20849283,aot,23124278.0122449,
20848768,aot,30372287.09375,
20849236,aot,41582652.60150376,
20848018,aot,48206884.833333336,
20850643,aot,49323336.72448979,gas-used mismatch for 0xc8e07fb59bd09afe79dafa16fc0243c6e3258ee93fb97b3835cf261cf7e0dfe7: expected 901603 found 940816
20849893,aot,49396291.44,
20849424,aot,31035676.788819876,
20850455,aot,52240808.905172415,
20848159,aot,33033547.25531915,
20848161,aot,38007225.77685951,
20850269,aot,39867856.21818182,gas-used mismatch for 0x4c10b7543241894d55eaf1ce269ba6ef8431a0ec469b432247382915f79853f7: expected 365779 found 306110
20849472,aot,12664064.156084657,
20848956,aot,31181531.156862747,gas-used mismatch for 0xe402d7bcd236aed28c8b2453905e948787d558659eb952a546325a7dd81b92c6: expected 365767 found 306098
20849050,aot,52655562.833333336,gas-used mismatch for 0x5cdc82843f893e369bf30229bf341574a939fdbe9bfbce92e54435a5643d396c: expected 670154 found 461253
20848534,aot,49845957.77551021,
20849399,aot,59157448.18604651,gas-used mismatch for 0xcd146cbd9398cf4886aa957cf5d75786cbefae46f694991cdca8dcd2de507915: expected 819982 found 606767
20848675,aot,18585321.22962963,
20850825,aot,46529923.71818182,
20849378,aot,43016358.16216216,gas-used mismatch for 0x40ab00330108ac5670ff6ca47761bc39a832c0c47876a9837cedc46965a1be0f: expected 277745 found 153935
20848176,aot,42248652.811881185,
20849015,aot,36302153.54609929,gas-used mismatch for 0x006204e88f835f25aa28490a27c6c879644eddf892072f6c834c99fa3d71c533: expected 277745 found 153935
20848423,aot,13658724.626062322,
20848581,aot,55689727.95454545,gas-used mismatch for 0x175c348b0ab71c35e03c64ac1a070ea04e8b8c89b5a82426e47d35f4145353fa: expected 251502 found 192210
20849213,aot,15037124.084112149,
20848341,aot,48362083.873873875,gas-used mismatch for 0x4a5ddcfbdcc35f84b28e0219e046fae1340e5ad93b2872aa36acee958dedb607: expected 277745 found 153935
20851019,aot,50546187.43965517,
20849331,aot,36288122.25185185,
20848722,aot,48300196.854166664,
20850350,aot,45146546.252173916,gas-used mismatch for 0x0341825c113da83fcdce7ee8f11f3bab8ccdefe26aa457a82ea7ede47492aacb: expected 1079994 found 886057
20848394,aot,36657706.19580419,
20853269,aot,50215398.88118812,
20848681,aot,69967097.76712328,gas-used mismatch for 0x136c216ba83e6c7fa9c8385e7c24e38ed7c349d02b2dd7db6aaf9aaf6f3550ff: expected 421840 found 107060
20848797,aot,58547556.23863637,
20848297,aot,68178186.61842105,gas-used mismatch for 0x1c3703c185d7dae0c98ed9f3806df20e6d70ebc2db309a769441eb3f0dccfdbe: expected 1378735 found 1405010
20849085,aot,39720368.7734375,gas-used mismatch for 0xe9dd79934d67d013a7673bdbaa7417788d9c7179bfcc9675977f78ae7521e3f7: expected 277745 found 153935
20848932,aot,40072822.71666667,
20848135,aot,19935434.665338647,
20849390,aot,61161583.075,gas-used mismatch for 0x7bb515aa29b5ed1e6e4a2c57cbf9f6bde0a6a86d256c6862c685eebe54dc99b9: expected 284674 found 153935
20849156,aot,40830831.048,
20849296,aot,28561091.485549133,
20848885,aot,43384997.765765764,
20849003,aot,50493876.6,
20849284,aot,36280799.95714286,gas-used mismatch for 0x287a75859239b422d2c0fcaa7afe8910d8e36d27c88250f8398183213020e2de: expected 403510 found 153012
20848019,aot,41025232.37391304,
20848487,aot,48911253.405172415,
20848769,aot,72844666.94827586,
20848862,aot,43256330.698275864,
20849519,aot,53984720.78888889,
20852519,aot,40332342.36923077,gas-used mismatch for 0x42f58616c075e1e8e7a82dc4bb68b2b12f0b09da8b0ffe2051c3f78617efedc4: expected 277745 found 153935
20850537,aot,10763943.996175908,
20850644,aot,30521174.147239264,gas-used mismatch for 0x61e436c6c0cb79f5f8b6c5e6b7a630278f0cbe5ae509f382f868c8bb3dff2628: expected 168022 found 98232
20849894,aot,28475631.358381502,
20849237,aot,48680668.96226415,gas-used mismatch for 0xf9f0810904c32997d243692e56999fec7fac13fa4963458e8ef8ba44cd5146e1: expected 345532 found 95880
20848206,aot,89745299.73333333,gas-used mismatch for 0x5db73bd3c1c1ebea4b5d27f1e4995d7ce0167d49e0e1612fe8febb9f4cc61175: expected 360097 found 222306
20849425,aot,47571113.12962963,gas-used mismatch for 0xcf5faf7eab83bc4d3980968d5e435f5556d4f6f8c7b9396328eeaf63d71e84d4: expected 277745 found 153935
20850456,aot,54289987.47959184,
20848726,aot,6494353.573369565,
20848162,aot,45628171.50925926,gas-used mismatch for 0x1471df368c921b60f02303ab1735ee98b7d77a1cdd05b63ea380f1b6e832b839: expected 1226263 found 835518
20849400,aot,34028484.56428572,
20850270,aot,42970596.112068966,
20848177,aot,28093028.67721519,
20848957,aot,51770400.02150538,gas-used mismatch for 0x966f102279bcd4dcffdb4499bbedf9b8c6a10af59331ff18119a5f3d596df7d6: expected 633239 found 626559
20848535,aot,40448852.95041322,
20850826,aot,51023336.979166664,gas-used mismatch for 0xa9a07f123f5826b5176c2044c4351d9a4a72e72d1e82e5937a8b3560efa482e6: expected 823076 found 488010
20848676,aot,65688923.34246575,gas-used mismatch for 0x8c1cf7b18e3e841c103b7063a084d8324e8b4f43ecfc308aadd836835452d10d: expected 277745 found 153935
20849016,aot,23968413.932642486,
20849473,aot,84743091.5737705,gas-used mismatch for 0x866fb89cc3f8a6a63efea0f0605a07b89b7efe734532fdc9552a4cc280c6d0ce: expected 277745 found 153935
20849051,aot,39403009.34586466,gas-used mismatch for 0xab83cf561ff5961ce5e005b11aa5e78153def0cfa73c60736b402da6f5dba671: expected 277745 found 153935
20849379,aot,42120663.3553719,gas-used mismatch for 0x39ade4ce6f38c8be805eff4ec937e46d77cb13af5ef19eb5ef7bfdf173fb9ccb: expected 277745 found 153935
20848582,aot,18662445.660377357,
20851020,aot,22050826.15714286,
20849214,aot,63484684.78947368,gas-used mismatch for 0xa73929b46484519d751d4f45c5fe1df6963ad34ff6a810330c43389c60358771: expected 456108 found 240084
20853270,aot,16906169.75088968,
20848395,aot,47947245.1875,gas-used mismatch for 0x6a2e19d0094a69b3df9d22e2aeac36f8627434f7214c5a27f6cc4e7ce5bd61c1: expected 277745 found 153935
20848342,aot,37276559.0075188,
20849004,aot,38825577.20720721,gas-used mismatch for 0xe1a4b4a97701a2a2365bbff5ba3cadb5382f6c82f9ed9040baa643df611f7449: expected 135290 found 79710
20849157,aot,39857657.38181818,
20848933,aot,46119729.61165048,gas-used mismatch for 0x09b4b40574280017fc617ec44f40f1172539a99fe859b7ee7baac7b9bab2820a: expected 1757850 found 565109
20848424,aot,65396603.897435896,
20850351,aot,43244403.84955752,
20850645,aot,69124029.23809524,
20848723,aot,41916223.68461538,gas-used mismatch for 0xb78afb0cd1da72acaab0f3da0df6021243f605a0561172612588487f67447abe: expected 277745 found 153935
20848136,aot,83818059.56363636,gas-used mismatch for 0x200b9fe76d6c097809e9da3be5863598c3c54d50a5ad4da8c5cd737a0290e1cd: expected 385676 found 95868
20848020,aot,33420566.251748253,gas-used mismatch for 0x63243b93eb9414f599d8c6ba2c0a2fe346677c4fc321317cdacedb3b49e4f937: expected 277745 found 153935
20849086,aot,51561319.260416664,
20848298,aot,40085931.6640625,
20848682,aot,41395444.016,
20848770,aot,33820705.84615385,gas-used mismatch for 0xc8ed25ee9e287ff1e29a6cc15660e4ad071e83701d07886cc22101fd845d28aa: expected 544763 found 94727
20848798,aot,46322745.448275864,gas-used mismatch for 0x2f5b79c649ceacca5b236301ee2e5653eb00e408706a07f13273f13552942bb1: expected 588749 found 87246
20849520,aot,32778101.506666668,gas-used mismatch for 0xdfefc08a3da45d705db2da8dd5b3b34571b40c285104196365d7235114f7038b: expected 200965 found 81738
20849332,aot,40096565.62962963,
20849297,aot,47060474.41509434,
20849285,aot,46181754.876190476,
20848886,aot,34274627.4109589,
20849391,aot,25200963.97596154,
20852520,aot,42413050.71551724,
20848488,aot,33472772.910256412,gas-used mismatch for 0x54d21d74173aad2c4f110ef1438208ba493756f92c74d34eb802cfe66b278454: expected 312241 found 247858
20848863,aot,43640552.053097345,gas-used mismatch for 0x2840b4448e615f737a6609d5ce63f802822347c2784dcabbbd4299e3b4d80e5d: expected 277745 found 153935
20849895,aot,58015941.54117647,gas-used mismatch for 0x58b378938a720623f2145a3d634d227dd905834a56521bf225da43e86e184be6: expected 158794 found 139208
20849238,aot,55442412.77272727,gas-used mismatch for 0x399a95ca67fdd22a1555bef543569e43449ddc5f75488ab5522f1f797e788533: expected 312140 found 95880
20849426,aot,45774828.03960396,
20848207,aot,76240867.25757575,
20850538,aot,71016396.24285714,
20850457,aot,2314548.7747875354,
